大公報-大公網,1895431523,http://weibo.com/1895431523
央视新闻,2656274875,http://weibo.com/2656274875
新华网,2810373291,http://weibo.com/2810373291
新华社中国网事,1787920531,http://weibo.com/1787920531
新华视点,1699432410,http://weibo.com/1699432410
中国新闻网,1784473157,http://weibo.com/1784473157
人民网,2286908003,http://weibo.com/2286908003
人民日报,2803301701,http://weibo.com/2803301701
环球网,1686546714,http://weibo.com/1686546714
环球时报,1974576991,http://weibo.com/1974576991
中国日报网,2127460165,http://weibo.com/2127460165
中国日报,1663072851,http://weibo.com/1663072851
CGTN,3173633817,http://weibo.com/3173633817
央视财经,2258727970,http://weibo.com/2258727970
央视网,3266943013,http://weibo.com/3266943013
央视网视频,1675509012,http://weibo.com/1675509012
上海发布,2539961154,http://weibo.com/2539961154
微言教育,2737798435,http://weibo.com/2737798435
东方网,1918021250,http://weibo.com/1918021250
解放日报,3114175427,http://weibo.com/3114175427
头条新闻,1618051664,http://weibo.com/1618051664
辽沈晚报,1801817195,http://weibo.com/1801817195
新华国际,2641686425,http://weibo.com/2641686425
国际在线新闻,2443459455,http://weibo.com/2443459455
中国新闻周刊,1642512402,http://weibo.com/1642512402
参考消息,2375086267,http://weibo.com/2375086267
新京报,1644114654,http://weibo.com/1644114654
财经网,1642088277,http://weibo.com/1642088277
南方都市报,1644489953,http://weibo.com/1644489953
凤凰网财经,1988800805,http://weibo.com/1988800805
中国消防,3549916270,http://weibo.com/3549916270
北京发布,2418724427,http://weibo.com/2418724427
大河报,1734530730,http://weibo.com/1734530730
新浪军事,1499104401,http://weibo.com/1499104401
环球杂志,1265998927,http://weibo.com/1265998927
经济观察报,1641561812,http://weibo.com/1641561812
北京头条,1644948230,http://weibo.com/1644948230
南方日报,1682207150,http://weibo.com/1682207150
长安街知事,1697601814,http://weibo.com/1697601814
三联生活周刊,1191965271,http://weibo.com/1191965271
扬子晚报,1653603955,http://weibo.com/1653603955
封面新闻,1496814565,http://weibo.com/1496814565
新闻晨报,1314608344,http://weibo.com/1314608344
环球资讯广播,1656831930,http://weibo.com/1656831930
都市快报,1847582585,http://weibo.com/1847582585
光明网,1752825395,http://weibo.com/1752825395
瞭望东方周刊,1326410461,http://weibo.com/1326410461
中科院之声,3494982177,http://weibo.com/3494982177
国际在线,1645705403,http://weibo.com/1645705403
央广网,1683472727,http://weibo.com/1683472727
中央人民广播电台,1867571077,http://weibo.com/1867571077
中国之声,1699540307,http://weibo.com/1699540307
海南日报,3204782330,http://weibo.com/3204782330
中国青年网,2748597475,http://weibo.com/2748597475
中国政府网,5000609535,http://weibo.com/5000609535
每日经济新闻,1649173367,http://weibo.com/1649173367
经济日报,3037284894,http://weibo.com/3037284894
故宫博物院,1655363172,http://weibo.com/1655363172
最高人民法院,3908755088,http://weibo.com/3908755088
21世纪经济报道,1651428902,http://weibo.com/1651428902
北京青年报,1749990115,http://weibo.com/1749990115
知乎,1904769205,http://weibo.com/1904769205
财新网,1663937380,http://weibo.com/1663937380
钛媒体APP,2853016445,http://weibo.com/2853016445
澎湃新闻,5044281310,http://weibo.com/5044281310
新浪体育,1638781994,http://weibo.com/1638781994
新快报,1652484947,http://weibo.com/1652484947
人民法院报,3268047813,http://weibo.com/3268047813
齐鲁晚报,2011075080,http://weibo.com/2011075080
第一财经日报,1926909715,http://weibo.com/1926909715
新民晚报新民网,1737737970,http://weibo.com/1737737970
最高人民检察院,5053469079,http://weibo.com/5053469079
FT中文网,1698233740,http://weibo.com/1698233740
共青团中央,3937348351,http://weibo.com/3937348351
成都商报,1700648435,http://weibo.com/1700648435
楚天都市报,1720962692,http://weibo.com/1720962692
凤凰网,2615417307,http://weibo.com/2615417307
国资小新,2752396553,http://weibo.com/2752396553
瞭望,1718493627,http://weibo.com/1718493627
光明日报,1402977920,http://weibo.com/1402977920
北京晚报,1703371307,http://weibo.com/1703371307
无锡发布,2696049583,http://weibo.com/2696049583
界面新闻,5182171545,http://weibo.com/5182171545
检察日报,3183107112,http://weibo.com/3183107112
新安晚报,1751714412,http://weibo.com/1751714412
新京报贝壳财经,1646051850,http://weibo.com/1646051850
工信微报,5149608258,http://weibo.com/5149608258
北京日报,1893892941,http://weibo.com/1893892941
健康中国,2834480301,http://weibo.com/2834480301
春城晚报,1699258907,http://weibo.com/1699258907
广西共青团,2540201414,http://weibo.com/2540201414
新民周刊,1681029540,http://weibo.com/1681029540
南昌发布,2418432711,http://weibo.com/2418432711
中国青年报,1726918143,http://weibo.com/1726918143
潇湘晨报,1655444627,http://weibo.com/1655444627
凤凰周刊,1267454277,http://weibo.com/1267454277
三湘都市报,1700087532,http://weibo.com/1700087532
中国国家地理,1222135407,http://weibo.com/1222135407
中国电影报道,1261788454,http://weibo.com/1261788454
福布斯中文网,1765373140,http://weibo.com/1765373140
